-- MySQL dump 10.13  Distrib 5.5.55, for debian-linux-gnu (x86_64)
--
-- Host: localhost    Database: Kadai
-- ------------------------------------------------------
-- Server version	5.5.55-0ubuntu0.14.04.1

/*!40101 SET @OLD_CHARACTER_SET_CLIENT=@@CHARACTER_SET_CLIENT */;
/*!40101 SET @OLD_CHARACTER_SET_RESULTS=@@CHARACTER_SET_RESULTS */;
/*!40101 SET @OLD_COLLATION_CONNECTION=@@COLLATION_CONNECTION */;
/*!40101 SET NAMES utf8 */;
/*!40103 SET @OLD_TIME_ZONE=@@TIME_ZONE */;
/*!40103 SET TIME_ZONE='+00:00' */;
/*!40014 SET @OLD_UNIQUE_CHECKS=@@UNIQUE_CHECKS, UNIQUE_CHECKS=0 */;
/*!40014 SET @OLD_FOREIGN_KEY_CHECKS=@@FOREIGN_KEY_CHECKS, FOREIGN_KEY_CHECKS=0 */;
/*!40101 SET @OLD_SQL_MODE=@@SQL_MODE, SQL_MODE='NO_AUTO_VALUE_ON_ZERO' */;
/*!40111 SET @OLD_SQL_NOTES=@@SQL_NOTES, SQL_NOTES=0 */;

--
-- Table structure for table `DEMT`
--

DROP TABLE IF EXISTS `DEMT`;
/*!40101 SET @saved_cs_client     = @@character_set_client */;
/*!40101 SET character_set_client = utf8 */;
CREATE TABLE `DEMT` (
  `DEPTNO` int(11) DEFAULT NULL,
  `NAME` varchar(14) DEFAULT NULL,
  `LOC` varchar(13) DEFAULT NULL
) ENGINE=InnoDB DEFAULT CHARSET=latin1;
/*!40101 SET character_set_client = @saved_cs_client */;

--
-- Dumping data for table `DEMT`
--

LOCK TABLES `DEMT` WRITE;
/*!40000 ALTER TABLE `DEMT` DISABLE KEYS */;
INSERT INTO `DEMT` VALUES (10,'ACCOUNTING','NEW YORK'),(20,'RESEARCH','DALLAS'),(30,'SALES','CHICAGO'),(40,'OPERATIONS','BOSTON');
/*!40000 ALTER TABLE `DEMT` ENABLE KEYS */;
UNLOCK TABLES;

--
-- Table structure for table `EMP`
--

DROP TABLE IF EXISTS `EMP`;
/*!40101 SET @saved_cs_client     = @@character_set_client */;
/*!40101 SET character_set_client = utf8 */;
CREATE TABLE `EMP` (
  `EMPNO` int(11) DEFAULT NULL,
  `ENAME` varchar(10) DEFAULT NULL,
  `JOB` char(10) DEFAULT NULL,
  `MGR` int(11) DEFAULT NULL,
  `HIREDATE` date DEFAULT NULL,
  `SAL` int(11) DEFAULT NULL,
  `DEMTNO` int(11) DEFAULT NULL
) ENGINE=InnoDB DEFAULT CHARSET=latin1;
/*!40101 SET character_set_client = @saved_cs_client */;

--
-- Dumping data for table `EMP`
--

LOCK TABLES `EMP` WRITE;
/*!40000 ALTER TABLE `EMP` DISABLE KEYS */;
INSERT INTO `EMP` VALUES (7369,'SMITH','CLERK',7902,'1981-12-17',800,20),(7499,'ALLEN','SALESMAN',7698,'1981-02-20',1600,30),(7521,'WARD','SALESMAN',7698,'1981-02-22',1250,30),(7566,'JONES','MANAGER',7839,'1981-04-02',2975,20),(7654,'MARTIN','SALESMAN',7698,'1981-09-28',1250,30),(7698,'BLAKE','MANAGER',7839,'1981-05-01',2850,30),(7782,'CLARK','MANAGER',7839,'1981-06-09',2450,10),(7788,'SCOTT','ANALYST',7566,'1987-04-19',3000,20),(7839,'KING','PRESIDENT',NULL,'1981-11-17',5000,10),(7844,'TURNER','SALESMAN',7698,'1981-09-08',1500,30),(7876,'ADAMS','CLERK',7788,'1987-05-23',1100,20),(7900,'JAMES','CLERK',7698,'1981-12-03',950,30),(7902,'FORD','ANALYST',7566,'1981-12-03',3000,20),(7934,'MILLER','CLERK',7782,'1982-01-23',1300,10);
/*!40000 ALTER TABLE `EMP` ENABLE KEYS */;
UNLOCK TABLES;

--
-- Table structure for table `SALGRADE`
--

DROP TABLE IF EXISTS `SALGRADE`;
/*!40101 SET @saved_cs_client     = @@character_set_client */;
/*!40101 SET character_set_client = utf8 */;
CREATE TABLE `SALGRADE` (
  `GRADE` int(11) DEFAULT NULL,
  `LOSAL` int(11) DEFAULT NULL,
  `HISAL` int(11) DEFAULT NULL
) ENGINE=InnoDB DEFAULT CHARSET=latin1;
/*!40101 SET character_set_client = @saved_cs_client */;

--
-- Dumping data for table `SALGRADE`
--

LOCK TABLES `SALGRADE` WRITE;
/*!40000 ALTER TABLE `SALGRADE` DISABLE KEYS */;
INSERT INTO `SALGRADE` VALUES (1,700,1200),(2,1201,1400),(3,1401,2000),(4,2001,3000),(5,3001,9999);
/*!40000 ALTER TABLE `SALGRADE` ENABLE KEYS */;
UNLOCK TABLES;

--
-- Table structure for table `SUBEMP`
--

DROP TABLE IF EXISTS `SUBEMP`;
/*!40101 SET @saved_cs_client     = @@character_set_client */;
/*!40101 SET character_set_client = utf8 */;
CREATE TABLE `SUBEMP` (
  `EMPNO` int(11) DEFAULT NULL,
  `ENAME` varchar(10) DEFAULT NULL,
  `JOB` char(10) DEFAULT NULL,
  `MGR` int(11) DEFAULT NULL,
  `HIREDATE` date DEFAULT NULL,
  `SAL` int(11) DEFAULT NULL,
  `DEPTNO` int(11) DEFAULT NULL
) ENGINE=InnoDB DEFAULT CHARSET=latin1;
/*!40101 SET character_set_client = @saved_cs_client */;

--
-- Dumping data for table `SUBEMP`
--

LOCK TABLES `SUBEMP` WRITE;
/*!40000 ALTER TABLE `SUBEMP` DISABLE KEYS */;
INSERT INTO `SUBEMP` VALUES (10001,'ALEX','PRESIDENT',NULL,'2010-03-01',2800,40),(10002,'BOB','CLERK',10001,'2010-03-01',600,40),(7369,'SMITH','CLERK',7902,'2001-12-17',800,20);
/*!40000 ALTER TABLE `SUBEMP` ENABLE KEYS */;
UNLOCK TABLES;
/*!40103 SET TIME_ZONE=@OLD_TIME_ZONE */;

/*!40101 SET SQL_MODE=@OLD_SQL_MODE */;
/*!40014 SET FOREIGN_KEY_CHECKS=@OLD_FOREIGN_KEY_CHECKS */;
/*!40014 SET UNIQUE_CHECKS=@OLD_UNIQUE_CHECKS */;
/*!40101 SET CHARACTER_SET_CLIENT=@OLD_CHARACTER_SET_CLIENT */;
/*!40101 SET CHARACTER_SET_RESULTS=@OLD_CHARACTER_SET_RESULTS */;
/*!40101 SET COLLATION_CONNECTION=@OLD_COLLATION_CONNECTION */;
/*!40111 SET SQL_NOTES=@OLD_SQL_NOTES */;

-- Dump completed on 2017-05-02 11:14:34
